Объект1_Бинарный,Объект1_Форма,Объект1_Направление,Объект1_Угол,Объект2_Бинарный,Объект2_Форма,Объект2_Направление,Объект2_Угол,Коллизия
0,Сфера,Лево,334.2006941282333,1,Сфера,Вперед,161.37965398211406,Да
0,Пирамида,Назад,351.7636889174464,1,Пирамида,Право,272.4674407247186,Нет
0,Пирамида,Лево,83.89959504960368,1,Сфера,Право,100.69469224496015,Нет
1,Сфера,Лево,175.56968421181958,0,Сфера,Вперед,343.1847671741393,Да
1,Куб,Лево,262.5735072117455,0,Пирамида,Назад,33.48960809324768,Нет
1,Пирамида,Право,15.320122132393802,0,Сфера,Вперед,307.40348723985863,Нет
0,Пирамида,Назад,227.78149009830608,1,Пирамида,Вперед,309.06107575255055,Да
1,Пирамида,Лево,88.33768715906527,0,Куб,Вперед,3.1210467305183975,Да
1,Пирамида,Лево,267.7550747640573,1,Куб,Лево,302.52321603716894,Нет
1,Куб,Лево,114.03272297432953,0,Куб,Назад,343.11886150454205,Нет
0,Куб,Назад,67.7099225617725,1,Пирамида,Право,55.83191233096495,Да
0,Куб,Назад,37.02641253694296,0,Сфера,Назад,47.533503253655276,Да
0,Куб,Лево,185.89806118808602,1,Пирамида,Назад,194.44840751511418,Да
0,Пирамида,Вперед,146.8609235237731,0,Пирамида,Лево,103.5472484463157,Нет
1,Пирамида,Назад,294.7508932279537,1,Сфера,Право,346.96996420622764,Нет
1,Сфера,Лево,265.6915110708866,0,Пирамида,Назад,32.303184297373754,Да
1,Пирамида,Лево,201.32186611149467,1,Пирамида,Лево,291.6765435871407,Нет
0,Сфера,Вперед,209.07400006953736,0,Куб,Лево,236.75364320486196,Да
1,Пирамида,Назад,87.96527757406623,0,Пирамида,Вперед,286.12312817854723,Да
0,Куб,Назад,69.24562367008721,0,Куб,Назад,238.4502985618418,Нет
0,Сфера,Назад,54.6908987902022,1,Куб,Назад,158.68459518126568,Да
0,Куб,Назад,321.7504865758159,1,Пирамида,Право,196.35138511340762,Нет
0,Сфера,Право,55.73487754509433,1,Сфера,Лево,259.93970679894,Да
0,Пирамида,Право,258.87739749062706,0,Сфера,Лево,358.21401517087287,Нет
1,Куб,Вперед,65.796502996603,1,Куб,Вперед,250.36511972301918,Нет
0,Сфера,Право,23.09859210418584,0,Пирамида,Вперед,335.11039355733146,Да
0,Куб,Лево,135.81665811067518,1,Сфера,Право,284.4029206903222,Нет
0,Пирамида,Право,13.918566463178056,1,Сфера,Назад,29.162701448989573,Да
1,Сфера,Право,22.161810224120373,0,Сфера,Право,8.539740070244633,Да
1,Куб,Вперед,58.39385496874949,0,Куб,Лево,307.19802266692847,Нет
1,Пирамида,Назад,322.4637608001913,0,Куб,Назад,33.458284179861685,Да
1,Пирамида,Лево,240.85831493694062,0,Пирамида,Вперед,109.03966158193798,Да
1,Сфера,Право,291.71981689208576,0,Сфера,Право,269.9541190084528,Нет
0,Пирамида,Право,82.42007835044919,0,Куб,Вперед,202.4525532350752,Да
1,Сфера,Назад,40.91513114908741,0,Куб,Назад,128.1919824239162,Да
1,Пирамида,Назад,82.79896368229743,1,Пирамида,Лево,180.28080203343598,Нет
0,Пирамида,Право,52.374573992390644,0,Куб,Право,52.401847492157536,Нет
1,Куб,Лево,285.3174109158493,0,Куб,Назад,298.643698678073,Да
0,Сфера,Вперед,139.00393024084082,1,Куб,Право,13.968177431107147,Да
0,Сфера,Вперед,56.391373947389496,1,Куб,Назад,353.63664857795084,Нет
1,Куб,Лево,150.4118743909387,1,Куб,Лево,259.88400348185223,Да
0,Сфера,Лево,44.32880151269313,0,Сфера,Назад,223.49085576933146,Да
1,Куб,Назад,3.5199986899768687,1,Куб,Право,284.22474891259486,Да
0,Куб,Право,49.144924573934425,1,Пирамида,Назад,86.11932410801282,Нет
0,Куб,Вперед,38.60981249869214,1,Сфера,Вперед,190.91214778855385,Да
0,Куб,Право,163.51658292675947,1,Пирамида,Вперед,209.22214439138293,Да
0,Сфера,Вперед,40.51890775847444,1,Куб,Лево,283.2403738424976,Да
1,Пирамида,Лево,124.26816756426086,0,Сфера,Лево,356.6606170419787,Да
0,Сфера,Лево,9.749447373961155,0,Куб,Право,233.93483353644436,Да
1,Куб,Вперед,289.9952204634304,0,Куб,Лево,253.83975792514713,Нет
0,Пирамида,Вперед,31.888302012208033,0,Пирамида,Вперед,65.04220787485565,Нет
1,Пирамида,Лево,56.512402277143835,1,Сфера,Право,25.226653581700035,Да
0,Сфера,Вперед,165.06942275105334,0,Куб,Лево,190.73465898984432,Да
1,Пирамида,Назад,119.4855312859796,0,Пирамида,Право,31.992751384085704,Нет
1,Сфера,Право,212.652305868847,0,Куб,Лево,304.63189690461326,Да
0,Пирамида,Вперед,122.3553484515073,0,Сфера,Лево,127.08577965919974,Нет
0,Куб,Назад,80.635866924199,0,Сфера,Назад,315.0713721319378,Нет
1,Куб,Назад,82.78066415678863,1,Куб,Лево,90.33787031808437,Да
1,Пирамида,Вперед,206.19192907836603,0,Сфера,Лево,337.4144830214901,Да
0,Пирамида,Вперед,244.79794793388618,1,Куб,Вперед,125.84431022345873,Да
0,Пирамида,Назад,282.2281503535153,0,Пирамида,Лево,25.262378498942976,Нет
0,Пирамида,Назад,195.25902796721755,0,Куб,Вперед,28.06944624895658,Да
1,Куб,Лево,293.85715946971465,1,Сфера,Вперед,243.61836034751644,Нет
1,Пирамида,Вперед,14.110527916330241,0,Куб,Лево,236.8001760727577,Да
1,Куб,Вперед,345.8029954885238,0,Сфера,Вперед,290.1427527986028,Нет
0,Куб,Вперед,115.08943002941733,0,Пирамида,Лево,301.3757769098478,Нет
1,Куб,Право,339.37489700220283,0,Сфера,Право,59.011261997009626,Да
0,Сфера,Вперед,48.361168471211855,1,Пирамида,Лево,147.31659694674659,Нет
1,Куб,Лево,350.33546307876526,0,Куб,Вперед,159.1249729685025,Да
1,Сфера,Право,1.047703097029582,0,Пирамида,Назад,71.90629357563844,Нет
1,Пирамида,Назад,123.44979372574244,1,Пирамида,Лево,183.69046156934,Нет
0,Куб,Назад,237.66554373321262,0,Сфера,Назад,114.66264218079479,Нет
1,Сфера,Назад,19.823123440996593,1,Куб,Назад,119.31694061494498,Да
0,Пирамида,Назад,109.51536539518418,1,Сфера,Вперед,255.9086543562122,Да
0,Куб,Назад,23.640693754147843,1,Пирамида,Назад,105.11334000537961,Нет
0,Пирамида,Лево,353.4989464001738,1,Пирамида,Вперед,63.38201389861418,Нет
0,Сфера,Назад,357.4422937220287,1,Пирамида,Лево,351.7236534146445,Да
1,Куб,Вперед,12.650360103421502,0,Пирамида,Право,115.1462153722888,Да
1,Пирамида,Вперед,326.7900695039148,1,Куб,Вперед,76.34515572207339,Да
1,Сфера,Лево,188.8170470777429,0,Сфера,Назад,258.505354164079,Нет
1,Куб,Лево,293.5807262925527,1,Куб,Назад,12.132914625804997,Нет
0,Куб,Право,333.9398806870495,0,Пирамида,Лево,268.80645868047037,Нет
1,Куб,Лево,209.98287533077644,0,Сфера,Назад,91.04729028618779,Нет
0,Пирамида,Вперед,203.8320872211259,0,Сфера,Право,218.05454439435022,Нет
1,Куб,Назад,52.64419686106041,0,Пирамида,Назад,50.795534324902235,Да
1,Пирамида,Право,45.40743303373162,0,Пирамида,Лево,165.91018759333244,Нет
0,Пирамида,Назад,5.177310017937984,0,Куб,Назад,184.5591378810146,Нет
0,Пирамида,Право,139.26641238448434,1,Сфера,Право,296.108275462528,Да
0,Пирамида,Лево,6.109032589258585,0,Пирамида,Вперед,270.82291520945176,Да
1,Пирамида,Лево,202.83188527393042,1,Пирамида,Лево,307.220358359026,Нет
0,Сфера,Назад,197.57529554344174,1,Сфера,Вперед,294.6075504341802,Нет
1,Сфера,Лево,40.550832518621064,1,Сфера,Вперед,182.48703271707691,Нет
1,Сфера,Право,94.54287568689362,1,Сфера,Лево,82.55810089948473,Нет
0,Куб,Вперед,26.211044091089192,0,Сфера,Лево,342.8213202524709,Да
0,Пирамида,Право,128.373387553087,1,Сфера,Назад,40.46518471268421,Нет
1,Сфера,Право,273.92741728565596,1,Пирамида,Назад,47.59167162241651,Нет
1,Сфера,Право,176.51255868745952,1,Сфера,Лево,14.332484961602443,Нет
1,Сфера,Право,89.83879884939617,0,Сфера,Лево,259.20482722921145,Нет
0,Сфера,Лево,228.0423396195252,0,Куб,Вперед,350.8155568710554,Да
0,Сфера,Вперед,302.4670656723872,1,Сфера,Лево,78.11076785990818,Да
1,Пирамида,Назад,107.0628543551419,0,Сфера,Право,235.8933047058554,Да
0,Пирамида,Право,200.11064775690843,0,Куб,Назад,324.5352757491325,Нет
0,Сфера,Право,40.415794570510364,0,Куб,Лево,287.65236425020055,Да
1,Куб,Вперед,255.4229372676075,0,Пирамида,Лево,68.37380168775586,Нет
1,Куб,Вперед,332.91464562195085,0,Куб,Вперед,247.6575002953021,Да
1,Пирамида,Вперед,99.06009366251247,1,Куб,Право,102.84583541196251,Да
1,Пирамида,Вперед,305.8326513810049,1,Пирамида,Назад,119.8154869032727,Нет
1,Пирамида,Вперед,133.367531144836,0,Сфера,Вперед,230.52701335415355,Да
1,Пирамида,Право,298.05558794753887,1,Сфера,Право,90.88777044795377,Нет
0,Пирамида,Назад,259.8411845542436,0,Пирамида,Вперед,2.7657847798461965,Нет
0,Пирамида,Назад,225.38730579922031,0,Сфера,Право,12.783465146173949,Нет
1,Куб,Вперед,146.97509273844028,0,Пирамида,Право,229.30055352250503,Да
1,Пирамида,Право,318.4763659026721,1,Сфера,Лево,244.79316619661915,Нет
1,Пирамида,Лево,210.74994661356294,1,Пирамида,Назад,207.02080038150058,Нет
0,Сфера,Право,8.825524902335777,1,Куб,Право,125.26769938384335,Нет
0,Сфера,Лево,335.69881651087627,1,Пирамида,Назад,62.441238338815,Да
0,Сфера,Назад,248.24232808664485,1,Куб,Право,302.3134664202741,Да
1,Куб,Назад,247.4723249913114,1,Сфера,Назад,32.23246732637816,Нет
0,Сфера,Назад,68.2011525068601,0,Пирамида,Лево,249.04456784719446,Нет
1,Пирамида,Право,90.07205830514182,1,Пирамида,Назад,13.251159589233069,Да
0,Куб,Назад,132.1939998690343,1,Пирамида,Назад,160.6467596359913,Нет
1,Пирамида,Право,99.13888775496913,0,Сфера,Вперед,341.74801301255354,Да
1,Сфера,Право,124.48577985425543,1,Пирамида,Вперед,314.8859984576382,Нет
1,Сфера,Вперед,269.57584628339504,0,Куб,Вперед,193.39025006648902,Да
1,Пирамида,Назад,272.5073061870912,0,Куб,Право,88.95251493396243,Да
0,Пирамида,Вперед,209.8740612483577,1,Сфера,Назад,318.57504707715856,Да
1,Куб,Право,128.55306173286414,1,Пирамида,Право,122.10189776694217,Нет
1,Пирамида,Назад,1.6222185406092837,0,Куб,Лево,280.1058542072987,Да
1,Куб,Вперед,55.24796018130201,0,Сфера,Назад,66.10857602469265,Да
1,Куб,Вперед,98.55174101542148,0,Куб,Назад,47.398509436877404,Да
1,Куб,Право,266.09972203351793,1,Пирамида,Назад,324.43507616179556,Да
1,Сфера,Вперед,133.63135312082298,0,Пирамида,Лево,208.5753968168808,Нет
0,Куб,Право,62.855717352277644,0,Куб,Назад,332.40414175222975,Да
1,Сфера,Право,299.4088426337412,0,Пирамида,Назад,221.38937019794326,Нет
1,Пирамида,Лево,241.1525916744608,1,Куб,Право,214.99193734916895,Нет
0,Куб,Вперед,7.2194274803407765,0,Куб,Право,128.62027712850048,Да
1,Сфера,Назад,50.3993019678781,0,Пирамида,Лево,84.16077510197351,Нет
0,Куб,Вперед,185.04720667428992,1,Пирамида,Право,292.71958697247624,Нет
1,Сфера,Назад,96.91157906877564,0,Куб,Назад,209.2189543664601,Да
1,Пирамида,Право,325.2273462558656,1,Пирамида,Вперед,69.60727804888873,Да
0,Пирамида,Вперед,94.52408220794591,0,Сфера,Вперед,105.21187936038149,Да
0,Куб,Вперед,126.47404535894118,0,Пирамида,Право,116.17791330606508,Да
0,Пирамида,Назад,113.10363191907918,0,Куб,Назад,259.2588839913908,Да
0,Пирамида,Вперед,89.89650186501986,1,Сфера,Вперед,232.2925596862305,Да
0,Сфера,Лево,244.1711926440429,1,Пирамида,Лево,95.14379846961822,Да
0,Пирамида,Право,192.73911835247435,0,Сфера,Право,116.5902082698816,Нет
1,Куб,Лево,319.37612514976325,0,Куб,Лево,342.3867135719235,Да
0,Пирамида,Лево,40.31121815425796,1,Куб,Право,71.2158745513646,Нет
1,Сфера,Лево,234.61076339581805,1,Куб,Лево,5.940106498465552,Нет
1,Куб,Лево,86.05640862331828,1,Куб,Назад,257.2411720206488,Нет
0,Куб,Назад,308.9527150992792,1,Куб,Право,88.39405571939209,Нет
1,Куб,Вперед,31.589574514194968,0,Пирамида,Вперед,209.74721552046023,Да
1,Пирамида,Право,105.62214979139686,0,Пирамида,Назад,152.17709091855903,Да
1,Сфера,Право,40.23491755841492,0,Куб,Вперед,328.65692929685895,Нет
1,Сфера,Вперед,21.632539340257203,0,Сфера,Вперед,336.8466502869006,Да
0,Куб,Право,129.75083644433354,0,Сфера,Право,219.46765866469107,Да
1,Сфера,Лево,190.20915582098664,0,Куб,Назад,145.74126998222013,Нет
0,Пирамида,Лево,299.51784892873246,0,Пирамида,Вперед,122.23462508766953,Нет
1,Сфера,Лево,29.443686299724014,0,Сфера,Назад,253.2558214835252,Да
1,Куб,Вперед,161.8629591048499,1,Пирамида,Лево,170.7107906682708,Да
0,Сфера,Лево,127.54918913626672,0,Куб,Назад,225.07557125447133,Да
0,Куб,Лево,345.63812740509127,0,Куб,Право,336.55900582153265,Да
0,Сфера,Назад,96.08942199182397,1,Сфера,Назад,288.06756203630164,Нет
1,Пирамида,Право,245.1047450058916,1,Пирамида,Лево,278.97808256972155,Нет
1,Сфера,Право,95.7311617767696,1,Пирамида,Вперед,183.62461625448236,Да
0,Куб,Вперед,198.07335618582044,1,Пирамида,Назад,3.372311705678177,Нет
1,Пирамида,Вперед,134.55429722885788,0,Куб,Право,236.4318355594996,Нет
0,Сфера,Право,310.39959373371425,1,Сфера,Вперед,137.20727784011095,Нет
1,Сфера,Назад,97.43962516229762,1,Пирамида,Лево,56.97522921441656,Да
1,Куб,Назад,214.2675705291997,1,Пирамида,Назад,141.72097745874552,Да
0,Куб,Вперед,305.00092648543796,1,Сфера,Назад,125.33947880151581,Да
0,Сфера,Назад,138.52440194588436,0,Сфера,Вперед,292.97700034777824,Нет
0,Сфера,Назад,239.51422369014585,0,Куб,Назад,40.2576696121701,Нет
1,Пирамида,Право,318.0586084953209,1,Сфера,Назад,358.1547587600761,Нет
0,Сфера,Лево,186.38204966954984,1,Куб,Право,86.21551318756683,Нет
1,Сфера,Назад,216.16527145531487,1,Куб,Назад,106.77861239122386,Да
1,Куб,Лево,94.30622863845052,1,Куб,Право,46.98040977174691,Нет
0,Сфера,Лево,176.54539201667208,0,Пирамида,Лево,84.27185982983625,Да
0,Пирамида,Лево,117.31962096934123,0,Сфера,Право,192.93377343639222,Да
0,Сфера,Право,224.91307875242398,1,Куб,Право,150.47500327214877,Да
0,Сфера,Вперед,90.89820327730624,0,Сфера,Лево,299.2733871374405,Нет
0,Сфера,Лево,263.926703273905,1,Куб,Лево,307.1232961880812,Да
1,Пирамида,Вперед,176.04518138234585,1,Куб,Назад,217.84173305883013,Нет
1,Пирамида,Назад,70.30096266975751,1,Куб,Вперед,322.71207334862476,Нет
1,Куб,Вперед,154.17288630078176,0,Сфера,Вперед,16.69531424051395,Нет
1,Куб,Право,233.5102639657594,1,Куб,Лево,194.11617549251895,Да
0,Куб,Назад,78.33245939038639,0,Сфера,Лево,252.2574205893063,Да
1,Сфера,Право,205.01331721903972,1,Пирамида,Назад,8.219716940809327,Да
0,Куб,Назад,51.17891518600948,1,Сфера,Назад,214.39468889910214,Да
0,Куб,Право,84.88087548974529,0,Пирамида,Право,7.999020171866262,Нет
1,Сфера,Назад,210.24079404842587,1,Куб,Назад,67.66540816259621,Нет
0,Сфера,Право,298.5770337226913,0,Пирамида,Право,181.26583112733078,Да
1,Куб,Вперед,136.3755634726407,1,Куб,Право,353.8941473586734,Да
1,Пирамида,Право,203.7304331775353,0,Сфера,Вперед,258.17590184087425,Да
0,Куб,Назад,214.73253657430084,1,Сфера,Назад,135.83279167713775,Нет
1,Пирамида,Вперед,78.12740871370464,0,Пирамида,Право,177.59969543067433,Да
0,Пирамида,Право,155.24466853193485,0,Пирамида,Лево,226.72728533796302,Да
0,Куб,Вперед,208.8765968426589,1,Пирамида,Право,258.1678860573216,Да
1,Куб,Вперед,155.2517390237966,0,Пирамида,Право,11.781698715930794,Да
1,Куб,Вперед,164.1883054110395,0,Сфера,Вперед,0.759144612350191,Да
0,Сфера,Назад,340.9595793879174,1,Пирамида,Право,15.303241332531572,Нет
1,Пирамида,Назад,135.41687725487486,1,Пирамида,Назад,204.96918289337052,Нет
1,Куб,Назад,230.90963150315287,0,Сфера,Право,54.66170673386985,Нет
1,Сфера,Право,237.71728726222943,1,Сфера,Назад,223.52644320117207,Да
1,Пирамида,Вперед,32.90452590733753,1,Пирамида,Вперед,290.4571280893337,Нет
1,Сфера,Лево,136.3945713740118,0,Пирамида,Лево,177.11828687420441,Нет
1,Куб,Вперед,263.8939717134089,1,Куб,Лево,93.23247693253582,Нет
0,Сфера,Лево,95.92553851417625,1,Куб,Вперед,66.98079594848635,Да
1,Куб,Назад,282.64632653948934,0,Сфера,Вперед,82.19093305128735,Да
0,Сфера,Лево,352.16453887420465,1,Пирамида,Назад,50.88279611204529,Да
0,Куб,Назад,357.7370203339353,0,Куб,Право,8.805394639657283,Да
1,Куб,Назад,224.59964145982582,1,Сфера,Вперед,172.98151694070228,Да
1,Куб,Вперед,295.1083754244737,1,Сфера,Назад,138.3125371657687,Да
1,Куб,Лево,319.5064306416099,0,Сфера,Право,313.64543896597814,Да
1,Сфера,Право,212.80024954849057,0,Куб,Право,42.80832589548031,Да
0,Куб,Лево,240.40545708906325,1,Сфера,Право,253.52723586872816,Да
1,Пирамида,Назад,248.98066920060543,1,Сфера,Право,26.211259185952713,Да
0,Куб,Лево,2.3418460970757105,1,Сфера,Назад,292.99392639870337,Нет
0,Сфера,Назад,228.0832014470371,1,Куб,Назад,250.86092068791942,Да
1,Куб,Назад,16.13035502492693,1,Пирамида,Назад,153.63855579621546,Да
0,Пирамида,Лево,304.6376416702404,0,Сфера,Назад,161.70457983391645,Да
1,Пирамида,Вперед,220.39902451700445,1,Сфера,Лево,98.42732633651926,Нет
0,Сфера,Лево,279.3298017493777,1,Пирамида,Назад,120.96872457964652,Да
0,Пирамида,Вперед,227.58450345734988,1,Сфера,Вперед,172.57799513213934,Да
0,Куб,Назад,100.36011431814958,1,Пирамида,Вперед,58.23433414857102,Нет
0,Куб,Назад,235.24634857135152,1,Куб,Право,43.29945931137058,Нет
0,Куб,Назад,297.4036715138395,1,Куб,Вперед,340.6818210639834,Нет
1,Куб,Право,94.16245649151772,1,Куб,Право,340.5797938798267,Да
0,Куб,Лево,160.20248118550515,1,Куб,Лево,1.0978228954721558,Нет
1,Куб,Лево,144.0900160015498,1,Сфера,Назад,86.35296447292333,Да
1,Куб,Назад,165.93901866311825,0,Куб,Лево,163.08396746424214,Да
0,Сфера,Право,270.00313587676396,1,Куб,Право,170.8981017834544,Нет
0,Куб,Вперед,164.75200508480444,0,Сфера,Назад,106.66420496514812,Нет
1,Куб,Лево,299.2437296940209,0,Пирамида,Лево,69.91677258457143,Нет
1,Сфера,Право,156.07586290875736,1,Куб,Лево,250.76977362027492,Да
0,Куб,Вперед,254.58403110490082,0,Пирамида,Назад,172.68704183352813,Нет
0,Пирамида,Назад,98.13206294337938,0,Сфера,Лево,119.13576808633384,Да
0,Сфера,Лево,13.531290326086086,0,Пирамида,Вперед,158.2784639150388,Нет
0,Куб,Назад,26.749695481452285,0,Пирамида,Назад,202.41739194092597,Да
0,Пирамида,Право,97.23651247021036,0,Сфера,Право,181.85771751652277,Да
0,Куб,Лево,273.71821425447007,0,Пирамида,Назад,263.9384043932581,Да
1,Сфера,Право,28.36907655492604,0,Куб,Право,185.1386044986995,Да
1,Пирамида,Право,148.0108789364319,0,Сфера,Право,210.24697065487408,Нет
1,Пирамида,Право,92.27278677519773,1,Куб,Назад,100.42666056356505,Да
0,Куб,Назад,150.13444705063233,1,Куб,Вперед,179.41251852356712,Нет
0,Сфера,Вперед,23.128823735468792,0,Куб,Лево,146.495529347627,Да
0,Пирамида,Лево,242.97042578915082,1,Сфера,Назад,191.49289229604503,Да
1,Сфера,Лево,221.9931255509759,1,Куб,Назад,291.4627910126398,Нет
1,Сфера,Вперед,218.91038499428,1,Сфера,Назад,165.21170539074964,Да
1,Сфера,Вперед,295.84408963177015,0,Пирамида,Вперед,319.38436066584916,Нет
1,Куб,Право,51.81424861174654,0,Пирамида,Право,13.502278936637753,Да
0,Сфера,Право,254.52293879406696,0,Сфера,Назад,52.40991014489759,Да
0,Куб,Назад,266.1226138334119,1,Куб,Право,341.6908568171253,Нет
0,Куб,Назад,317.23907217465825,1,Сфера,Вперед,46.22118275255441,Нет
0,Куб,Право,277.0864320145075,0,Куб,Право,194.89718277564097,Да
0,Пирамида,Лево,276.58222052521705,1,Пирамида,Назад,48.325034820776466,Нет
0,Куб,Назад,82.18007618706199,1,Сфера,Вперед,54.21439155976215,Да
1,Сфера,Назад,93.74434503016674,0,Сфера,Лево,99.61314267132678,Нет
0,Пирамида,Право,314.3576250864849,1,Куб,Вперед,134.34687968514055,Да
0,Сфера,Лево,344.4641802819244,1,Куб,Право,317.651076498206,Да
0,Сфера,Право,249.492821404844,1,Пирамида,Лево,315.62888351598343,Да
0,Сфера,Лево,137.3471656687107,0,Пирамида,Вперед,86.38327464449519,Да
1,Сфера,Назад,165.07539163128178,1,Куб,Право,53.752691937840524,Нет
0,Пирамида,Право,61.64547329028458,1,Сфера,Лево,108.62406102121615,Да
0,Сфера,Вперед,70.84341613496237,1,Сфера,Назад,140.3235294361768,Да
1,Сфера,Назад,15.885698897399303,0,Куб,Назад,103.89916127460164,Нет
1,Пирамида,Лево,320.6600250431614,1,Сфера,Назад,216.17508447215832,Нет
0,Пирамида,Вперед,257.3940722164453,1,Куб,Назад,126.60899743982684,Да
0,Пирамида,Лево,9.090004497907405,1,Куб,Вперед,165.20353936584988,Нет
0,Куб,Лево,146.09797159354198,0,Пирамида,Право,249.28935295869303,Да
1,Куб,Право,302.70695147552243,1,Куб,Право,282.4944267600673,Нет
1,Пирамида,Лево,86.61155403899706,0,Куб,Лево,278.8813341559607,Нет
1,Куб,Лево,72.22729416677845,0,Пирамида,Право,61.43805449336064,Нет
1,Куб,Лево,183.56468332715,0,Пирамида,Вперед,54.70715706953842,Да
1,Сфера,Право,263.45123024318514,0,Сфера,Лево,58.85410116804346,Да
1,Пирамида,Право,59.79424250212206,1,Пирамида,Назад,83.50349619243087,Нет
0,Сфера,Лево,35.16744531655892,1,Сфера,Лево,128.68276414052636,Нет
1,Куб,Лево,338.81446849824704,1,Пирамида,Лево,118.37734314812177,Нет
1,Сфера,Вперед,0.48388409261148624,1,Куб,Назад,167.43949836386625,Нет
1,Пирамида,Вперед,202.21531473525954,0,Пирамида,Право,249.8024683084127,Нет
0,Пирамида,Право,359.3442833352264,0,Куб,Вперед,88.8528672386632,Нет
0,Сфера,Назад,123.79593636534747,1,Пирамида,Назад,337.2257238353276,Нет
1,Куб,Вперед,195.4442070985409,1,Куб,Лево,281.6260393536578,Да
1,Куб,Назад,4.889513696301391,1,Куб,Назад,260.3249871070803,Да
0,Сфера,Право,25.396096266158033,0,Куб,Право,264.3083568898434,Да
0,Пирамида,Право,72.82885472230966,0,Куб,Право,172.0289518313689,Нет
1,Пирамида,Назад,126.11540364926216,0,Пирамида,Вперед,294.7860184015793,Нет
0,Сфера,Лево,299.4624618754631,1,Куб,Право,328.5782619407588,Да
1,Пирамида,Назад,244.68599935586496,1,Сфера,Назад,58.910479382498856,Да
1,Сфера,Вперед,72.15335087805411,0,Куб,Назад,279.8190896811893,Да
0,Куб,Право,337.8828913898456,1,Сфера,Вперед,37.068714103319394,Нет
0,Пирамида,Лево,125.22448887441134,1,Куб,Лево,149.40430266396854,Да
0,Куб,Вперед,230.7268327073421,0,Сфера,Назад,65.78561508832894,Нет
0,Куб,Лево,125.08325853077629,1,Пирамида,Вперед,154.39118770546835,Нет
1,Куб,Вперед,265.1594673290613,1,Пирамида,Назад,356.3786057455105,Нет
1,Куб,Вперед,348.9753407048257,0,Сфера,Право,49.51391406287166,Нет
1,Куб,Вперед,58.31840093697622,1,Пирамида,Право,161.4863273491886,Да
0,Пирамида,Вперед,341.6400783487506,0,Куб,Вперед,54.04487465602766,Да
0,Куб,Назад,269.75268105396503,0,Куб,Вперед,23.336293753834738,Да
1,Пирамида,Назад,342.14922860114683,1,Куб,Вперед,207.24195144979703,Да
1,Пирамида,Вперед,299.74669585687315,1,Сфера,Право,311.92212595006293,Нет
1,Пирамида,Право,77.58995150283911,1,Пирамида,Лево,116.85268495759306,Нет
1,Куб,Лево,278.5976053686996,0,Сфера,Вперед,358.86426083426295,Да
1,Сфера,Назад,147.79657620314083,0,Пирамида,Право,229.73773640800053,Нет
1,Пирамида,Назад,243.33356983969097,1,Сфера,Вперед,15.686163198879335,Да
1,Сфера,Лево,116.5965168467971,1,Куб,Право,68.07915231562043,Нет
1,Пирамида,Вперед,111.9500578013368,0,Куб,Лево,23.047103284430193,Нет
1,Пирамида,Назад,315.0899770409469,1,Сфера,Вперед,276.8592740614982,Да
0,Сфера,Вперед,150.49274632943107,1,Пирамида,Право,315.9826102083629,Нет
1,Куб,Вперед,199.66279023470452,0,Сфера,Вперед,95.39349156116985,Нет
0,Куб,Лево,353.67968311632353,0,Куб,Вперед,116.03956228351107,Да
0,Куб,Вперед,80.9472751980894,1,Пирамида,Лево,209.6108780732549,Нет
1,Сфера,Вперед,138.19166072173607,0,Пирамида,Вперед,142.4234136324149,Нет
1,Пирамида,Назад,120.85797784883266,0,Сфера,Вперед,285.96675042873693,Нет
1,Куб,Вперед,296.3767862565566,0,Сфера,Лево,349.05878486113306,Да
0,Пирамида,Вперед,35.96288532198874,1,Сфера,Право,347.77906752745156,Нет
1,Сфера,Назад,142.67984859866297,0,Куб,Право,39.091181289203426,Да
0,Сфера,Назад,124.43921659554562,0,Пирамида,Право,289.88858705567634,Нет
1,Сфера,Лево,204.14548141390893,0,Пирамида,Лево,243.01646959298893,Нет
1,Куб,Лево,31.759697867462926,1,Куб,Лево,14.570176304903484,Да
1,Куб,Назад,130.4561436090059,1,Пирамида,Право,180.76718379583423,Нет
0,Пирамида,Лево,118.96000378839435,1,Пирамида,Право,282.87263449511687,Да
0,Сфера,Право,135.71246270031102,0,Сфера,Лево,260.4697647280042,Нет
0,Куб,Вперед,258.8360535225509,0,Куб,Право,70.98076128552475,Нет
0,Пирамида,Вперед,329.9366459000364,0,Пирамида,Право,234.27160773340725,Нет
1,Сфера,Назад,238.02129381519575,1,Пирамида,Назад,176.81148489281335,Да
0,Куб,Право,152.98244345083555,0,Пирамида,Лево,5.88503463775357,Да
0,Пирамида,Право,169.06955455618555,1,Пирамида,Лево,222.44015848085107,Нет
0,Сфера,Право,321.6177247118648,0,Пирамида,Право,53.001985202596245,Да
0,Сфера,Вперед,345.1556060968361,0,Сфера,Право,147.16825136863875,Нет
1,Куб,Право,150.1780840553734,0,Сфера,Лево,236.40879517606976,Да
0,Сфера,Лево,196.8563022845583,1,Сфера,Вперед,167.9811267585409,Нет
0,Куб,Вперед,351.61232070114085,0,Куб,Назад,93.02398882819443,Да
1,Куб,Право,227.68419062315155,0,Сфера,Право,66.48016510233407,Да
1,Сфера,Вперед,29.386352106445628,0,Сфера,Право,355.54683631413843,Нет
1,Сфера,Назад,44.90692508826198,0,Пирамида,Вперед,248.0206041090169,Нет
0,Пирамида,Право,126.49097837630681,1,Сфера,Лево,276.4315736750555,Нет
1,Сфера,Право,36.37203988448071,0,Пирамида,Лево,91.94625720228167,Да
0,Куб,Вперед,181.1206417595527,1,Сфера,Право,125.93114861287222,Да
0,Куб,Лево,241.4544556209629,0,Пирамида,Назад,71.464649764083,Да
1,Пирамида,Лево,240.91964243648047,1,Куб,Лево,107.3383924329375,Нет
0,Куб,Право,12.508259108728721,0,Пирамида,Право,236.1487905668149,Да
0,Куб,Право,300.0894307231889,0,Пирамида,Право,334.00457891278853,Нет
1,Сфера,Право,60.548933186501614,1,Сфера,Лево,137.93440907519692,Да
1,Пирамида,Вперед,326.29707541483646,0,Сфера,Право,164.78755414159977,Да
0,Сфера,Вперед,220.4981661281838,1,Куб,Лево,149.00780604744642,Нет
0,Пирамида,Вперед,321.54879241746164,1,Сфера,Назад,250.9963013888469,Да
0,Сфера,Вперед,98.26693574386806,0,Сфера,Назад,143.64764709755755,Да
0,Куб,Право,297.43535670351883,1,Пирамида,Лево,29.080957778814522,Да
1,Сфера,Право,326.33718755817637,1,Сфера,Право,200.5471973008892,Нет
0,Сфера,Вперед,80.04944953660434,0,Куб,Право,286.0929708077975,Нет
0,Сфера,Назад,288.6404879050518,1,Куб,Право,321.3808433687641,Нет
0,Сфера,Право,272.8466437636529,0,Куб,Лево,12.426916175368401,Да
0,Пирамида,Вперед,17.335968937307406,1,Куб,Назад,331.7193469384055,Нет
1,Сфера,Вперед,242.917100190269,0,Пирамида,Вперед,314.3716725842354,Да
0,Пирамида,Лево,26.485726317539118,1,Куб,Лево,40.87056749766566,Нет
1,Пирамида,Право,92.33010501091208,1,Пирамида,Лево,163.0779728135413,Нет
0,Куб,Право,202.3462734233267,1,Пирамида,Лево,41.3908829819361,Нет
1,Сфера,Право,311.2774949348083,0,Пирамида,Право,143.65449920535883,Нет
0,Пирамида,Право,332.0494987265504,0,Сфера,Право,127.72726644199953,Нет
1,Куб,Вперед,269.85976135030245,1,Пирамида,Право,83.73861913390824,Нет
1,Куб,Назад,107.48270451816506,0,Сфера,Лево,307.37857023389483,Нет
0,Куб,Вперед,163.6607085201947,0,Сфера,Назад,334.61895609303116,Да
1,Куб,Право,356.1729140970132,1,Сфера,Назад,292.9414141434199,Нет
0,Сфера,Лево,298.3698513424007,1,Пирамида,Назад,104.19862262373158,Нет
0,Сфера,Право,234.71044838215843,0,Сфера,Лево,109.97013399841106,Нет
1,Куб,Право,329.58410500943654,0,Куб,Назад,101.51392331882863,Нет
1,Сфера,Назад,36.70567649894172,0,Куб,Лево,213.3267246818407,Нет
1,Сфера,Вперед,20.359428556751247,0,Куб,Вперед,43.583811204169024,Да
1,Куб,Право,247.2399181855287,1,Сфера,Лево,42.014454178220056,Да
1,Куб,Вперед,86.99119080794792,1,Сфера,Право,230.4397992947013,Нет
1,Сфера,Назад,140.85125850662905,0,Пирамида,Вперед,111.39965939310395,Да
1,Пирамида,Вперед,51.83019900032644,0,Сфера,Право,46.17656736074058,Нет
1,Пирамида,Вперед,294.5677158510842,1,Сфера,Вперед,171.0430618663522,Нет
0,Сфера,Лево,105.50401217020934,1,Пирамида,Лево,258.04424165247434,Да
0,Пирамида,Лево,272.1220026219692,1,Сфера,Право,152.84916843992355,Нет
1,Сфера,Вперед,343.7636591122222,1,Куб,Право,39.52163909210587,Да
0,Сфера,Вперед,117.19891295795176,1,Пирамида,Лево,197.69702694091288,Да
0,Пирамида,Вперед,13.167303075436077,0,Пирамида,Право,102.77458256794708,Нет
0,Сфера,Вперед,47.16402946952461,1,Пирамида,Назад,215.63644967858613,Да
1,Куб,Право,279.55056228894364,0,Пирамида,Право,357.54553834601893,Нет
0,Сфера,Право,320.31444510979867,0,Пирамида,Лево,13.945894512371204,Нет
1,Сфера,Право,99.8611891367416,1,Куб,Право,313.3431441147418,Нет
0,Куб,Назад,141.56157421593298,0,Куб,Вперед,350.1291436988048,Да
0,Пирамида,Лево,221.44921113085616,1,Пирамида,Право,76.49099159082947,Да
1,Куб,Право,197.7609039042661,1,Сфера,Назад,10.763972483458328,Да
1,Куб,Право,155.48962379887934,0,Сфера,Право,96.22915873191957,Да
0,Сфера,Назад,273.5019029392199,1,Пирамида,Назад,304.7970018565015,Да
0,Сфера,Право,163.50520591943476,1,Пирамида,Лево,203.0247274290643,Нет
1,Пирамида,Вперед,219.36919506557587,0,Пирамида,Назад,162.9076014414612,Да
0,Пирамида,Вперед,327.3314579138877,0,Сфера,Назад,203.59958916854615,Нет
0,Пирамида,Лево,286.5715499673581,0,Пирамида,Право,187.74570048811842,Да
0,Пирамида,Право,21.3167039939395,0,Пирамида,Назад,305.1803053325524,Да
1,Пирамида,Лево,282.79672881695154,0,Пирамида,Лево,173.4414584679574,Нет
1,Сфера,Право,14.736090672713793,1,Пирамида,Назад,244.6184615363553,Да
1,Сфера,Назад,347.9060123238794,0,Куб,Право,41.12306291281314,Да
1,Пирамида,Лево,100.93998689030775,0,Пирамида,Право,112.91296548422392,Да
0,Куб,Назад,271.7510278622548,0,Сфера,Назад,341.79924703640705,Да
0,Куб,Вперед,197.59221029730583,0,Сфера,Право,13.119230225357592,Да
0,Сфера,Вперед,221.08117919133204,1,Сфера,Назад,310.377748545951,Нет
1,Куб,Лево,199.83081833109034,0,Куб,Вперед,359.032579328755,Нет
1,Сфера,Право,344.68418053652863,0,Пирамида,Лево,141.21283432000806,Да
1,Куб,Назад,339.644400255947,1,Пирамида,Назад,202.55745366275437,Да
1,Куб,Вперед,226.74870537513536,0,Сфера,Лево,32.49225394764326,Да
0,Пирамида,Право,260.3386277017872,0,Сфера,Право,335.3511759134564,Нет
0,Сфера,Назад,119.20892749125234,0,Куб,Право,301.34551629065703,Нет
0,Сфера,Право,149.3366168675169,0,Сфера,Назад,126.25235752207759,Нет
1,Сфера,Назад,2.459315835320579,1,Куб,Лево,319.419649215561,Да
0,Пирамида,Право,50.95517091739892,0,Сфера,Вперед,34.174642767986256,Да
1,Сфера,Право,197.32745599875952,1,Сфера,Вперед,142.74301529106117,Да
1,Сфера,Назад,296.9520477439341,1,Пирамида,Вперед,236.08126043292208,Нет
0,Сфера,Назад,16.558847178922697,0,Пирамида,Вперед,240.6882145490188,Да
1,Пирамида,Лево,165.23418645074986,0,Куб,Право,242.51748576022345,Да
1,Сфера,Назад,98.78859443439016,1,Пирамида,Назад,21.41684912799593,Нет
0,Пирамида,Лево,327.31583300818056,1,Сфера,Право,190.04571989269104,Нет
1,Куб,Право,116.07867722323104,0,Куб,Назад,6.1114970966322435,Нет
1,Куб,Лево,340.42791207208353,0,Сфера,Назад,277.3023349541402,Нет
0,Пирамида,Вперед,338.6628798377542,0,Пирамида,Назад,214.87128698368358,Да
0,Пирамида,Назад,197.4563800508651,0,Пирамида,Назад,240.08724357471039,Нет
1,Куб,Право,332.27220278816685,0,Куб,Лево,316.7892463183757,Да
1,Пирамида,Назад,40.23559307215547,0,Куб,Назад,211.7668155707856,Да
1,Пирамида,Назад,349.6923121789366,1,Куб,Вперед,356.69032669533175,Да
1,Пирамида,Вперед,236.6126230783737,0,Сфера,Лево,317.5928663439096,Да
1,Пирамида,Лево,250.1296965958054,1,Куб,Вперед,272.4136272906129,Да
0,Куб,Назад,31.92313675917269,0,Куб,Назад,245.14017204448172,Да
1,Пирамида,Право,87.22948928097753,0,Пирамида,Право,304.901812890373,Да
1,Пирамида,Вперед,13.132233577830137,0,Сфера,Право,77.46203276076454,Да
0,Куб,Лево,202.36675185482673,0,Куб,Право,175.37112436715927,Нет
1,Куб,Лево,161.9957041390451,0,Пирамида,Назад,318.58573890913084,Нет
1,Сфера,Назад,64.92342942106349,1,Куб,Право,274.9328343913836,Да
1,Сфера,Право,280.3824329478184,0,Куб,Назад,112.41259877690533,Да
1,Сфера,Назад,288.566853749423,0,Пирамида,Лево,97.67410429386322,Да
0,Пирамида,Назад,305.086902370814,0,Сфера,Назад,71.10894834001273,Да
1,Куб,Лево,67.87110944376093,0,Куб,Лево,184.22097476706224,Да
0,Сфера,Лево,330.12342365097226,0,Сфера,Право,172.46061259372914,Да
1,Сфера,Право,154.93364538279604,1,Куб,Вперед,285.01098902711817,Да
1,Пирамида,Право,63.57836780005642,0,Куб,Вперед,142.47280461072975,Нет
0,Пирамида,Назад,277.2124884880429,1,Пирамида,Право,65.08329156665198,Да
1,Сфера,Вперед,72.88816787350679,0,Пирамида,Лево,182.56953893631183,Нет
0,Куб,Лево,217.5538862511441,0,Пирамида,Право,294.7266797023875,Нет
0,Куб,Право,32.35507599187648,1,Пирамида,Вперед,56.19205047510368,Нет
0,Пирамида,Назад,330.54660807263144,1,Сфера,Вперед,160.61061925833437,Да
0,Пирамида,Лево,214.38119257191647,0,Сфера,Лево,99.08464332331582,Нет
1,Сфера,Лево,277.72755665484874,1,Пирамида,Право,232.9527484650935,Нет
1,Пирамида,Назад,93.73428741110412,0,Сфера,Лево,53.77032442958106,Нет
0,Сфера,Лево,62.896141037099895,0,Пирамида,Лево,308.5672538462696,Да
0,Пирамида,Назад,305.0861617380563,1,Куб,Лево,83.21885716425103,Нет
1,Сфера,Назад,246.82930292031767,0,Куб,Право,274.40684402461284,Нет
0,Сфера,Вперед,165.062759861202,0,Куб,Право,15.474887459580318,Нет
0,Пирамида,Право,305.5473584098748,0,Куб,Право,347.9257384041373,Нет
1,Куб,Назад,181.82028836742606,0,Сфера,Лево,132.2889571020901,Да
0,Куб,Вперед,57.2341504321597,0,Куб,Право,351.9176514721326,Нет
1,Сфера,Вперед,214.34778706996605,0,Сфера,Лево,218.62313313062614,Да
0,Куб,Лево,110.92451112218528,1,Сфера,Назад,286.0014132412663,Нет
1,Пирамида,Лево,113.3974922596393,1,Пирамида,Назад,38.73375954110336,Нет
0,Куб,Право,219.29681916557374,0,Сфера,Лево,63.145830755056956,Да
0,Куб,Вперед,267.91554117093074,1,Пирамида,Право,33.06349555620173,Да
0,Пирамида,Вперед,286.5018186131497,1,Пирамида,Лево,323.13517470502524,Да
0,Пирамида,Право,280.39287308075984,0,Куб,Лево,205.23508148329734,Нет
1,Пирамида,Вперед,40.510242297515575,1,Куб,Лево,221.47265691355543,Да
1,Куб,Назад,161.4416217343297,1,Сфера,Право,326.8117655803364,Да
1,Сфера,Право,176.60317740926368,1,Куб,Лево,297.88309118364043,Нет
1,Сфера,Право,148.3051555868601,1,Куб,Право,150.9887027061208,Нет
1,Пирамида,Лево,267.9698114347789,0,Пирамида,Право,194.28828682932877,Да
0,Сфера,Назад,120.08258528894606,0,Куб,Вперед,206.70400636515396,Нет
0,Сфера,Назад,266.86964395998064,0,Пирамида,Лево,8.657709705990975,Да
1,Пирамида,Право,249.93765556463802,1,Пирамида,Вперед,103.05400907790613,Нет
1,Куб,Вперед,80.04403394637903,0,Сфера,Лево,333.68602097122596,Нет
0,Пирамида,Лево,91.28459799561288,1,Пирамида,Назад,88.88378498587434,Да
1,Пирамида,Право,33.26756515923964,0,Сфера,Вперед,9.999184926112381,Да
1,Куб,Право,214.52882459455714,0,Сфера,Лево,337.1996652783322,Да
1,Пирамида,Лево,122.33871339765876,0,Сфера,Право,249.43555373348224,Нет
1,Куб,Право,175.3535879058483,0,Пирамида,Вперед,255.34494312769786,Да
1,Сфера,Вперед,11.250475698512702,1,Сфера,Назад,65.6278419634054,Нет
1,Куб,Назад,296.3635984214332,1,Куб,Лево,78.8584854201113,Да
0,Куб,Право,85.32406210972678,0,Куб,Право,6.383193733849173,Нет
0,Пирамида,Лево,34.55820132956176,1,Сфера,Право,197.69130823172085,Да
1,Куб,Право,64.61609838427474,1,Куб,Лево,211.38651887343084,Да
1,Куб,Лево,200.23577595226814,0,Сфера,Назад,275.1883667660619,Да
1,Куб,Вперед,142.58325173664016,1,Пирамида,Вперед,321.2909248819662,Да
0,Пирамида,Назад,358.8843999342023,0,Сфера,Лево,153.48902031211688,Нет
1,Сфера,Право,16.685710150152197,1,Куб,Вперед,162.72030342777234,Да
0,Сфера,Назад,222.1216156745975,0,Пирамида,Лево,23.987993996183313,Да
0,Пирамида,Вперед,21.974466555154102,1,Сфера,Лево,124.33483885202547,Да
0,Куб,Право,63.336037428753315,1,Пирамида,Лево,316.65875942488316,Нет
0,Куб,Лево,96.8540908790388,1,Пирамида,Лево,12.96550256873763,Да
0,Пирамида,Лево,186.8843944870163,1,Пирамида,Вперед,134.71838188123002,Нет
0,Сфера,Лево,312.62519251711274,0,Куб,Право,351.34473259441,Да
1,Сфера,Право,31.10543543150635,1,Сфера,Назад,164.48993308664924,Да
1,Куб,Вперед,341.2960516392562,1,Пирамида,Лево,354.41097844191046,Нет
1,Пирамида,Вперед,45.781364056556185,0,Пирамида,Вперед,325.3615479940488,Нет
1,Сфера,Назад,181.6405605427579,0,Пирамида,Право,153.77515730087737,Нет
1,Пирамида,Лево,193.5924898080196,0,Куб,Право,277.00226272864177,Нет
0,Сфера,Лево,6.960822430588585,0,Куб,Право,267.79179660665375,Да
0,Сфера,Вперед,255.97527668125568,0,Пирамида,Вперед,236.46458985017404,Да
0,Сфера,Лево,192.81676680384217,0,Куб,Право,81.24654233286718,Да
0,Пирамида,Назад,144.5937219898353,1,Куб,Право,33.55994902898243,Да
1,Сфера,Лево,103.05611843021376,0,Пирамида,Назад,272.8662420150636,Да
1,Куб,Лево,259.4028364325282,0,Сфера,Лево,315.11033948041444,Нет
0,Пирамида,Вперед,143.75677869549912,1,Куб,Лево,337.74468175204044,Да
1,Сфера,Назад,191.66912941713792,1,Пирамида,Назад,331.20062521362905,Да
1,Пирамида,Лево,76.83786202823917,1,Куб,Вперед,287.34197980141306,Нет
0,Куб,Вперед,189.21335743482874,1,Пирамида,Лево,269.88369749156936,Нет
0,Пирамида,Лево,242.63715845923838,0,Пирамида,Лево,124.03890647999847,Да
0,Пирамида,Назад,311.3007311214506,0,Пирамида,Вперед,34.15371627382661,Нет
0,Куб,Вперед,290.76902034485767,0,Куб,Назад,29.109254902856435,Да
1,Сфера,Назад,31.08945063964779,0,Пирамида,Назад,170.24342199274994,Да
1,Сфера,Лево,244.83028869320523,1,Куб,Назад,200.56372928898807,Да
1,Сфера,Назад,269.28480263911905,1,Куб,Вперед,26.67677468943414,Нет
1,Пирамида,Вперед,225.32767147303124,1,Пирамида,Право,123.58344297318467,Нет
1,Пирамида,Лево,25.3480002539939,1,Пирамида,Назад,97.79745288613007,Нет
1,Сфера,Право,17.95488178037647,0,Пирамида,Право,126.10908665920675,Да
0,Пирамида,Лево,47.076101804829136,1,Сфера,Право,326.5877305575756,Да
0,Сфера,Лево,41.58857976296411,0,Куб,Назад,200.99514258360455,Нет
1,Пирамида,Право,145.14173947572402,1,Куб,Назад,103.18554407507548,Нет
0,Пирамида,Лево,259.52158735631775,0,Пирамида,Право,173.2266927452668,Да
0,Сфера,Лево,51.589568545291804,0,Куб,Право,351.39612372051124,Нет
1,Пирамида,Назад,345.6501377315257,0,Пирамида,Лево,315.65974772212394,Нет
0,Куб,Лево,173.10934232879183,0,Пирамида,Назад,67.95424881017212,Нет
0,Куб,Лево,68.11255003688657,1,Сфера,Право,265.9551710176518,Нет
1,Куб,Право,0.10316701871825096,1,Пирамида,Право,313.91627513685506,Нет
1,Куб,Лево,179.55432349114423,1,Куб,Право,128.6185873860015,Да
0,Сфера,Назад,15.189629614384135,0,Сфера,Назад,77.71543516988199,Да
0,Пирамида,Право,256.7606110625297,0,Куб,Вперед,243.21644835071842,Да
0,Пирамида,Назад,173.2117730300171,0,Пирамида,Право,191.28198144882364,Нет
0,Пирамида,Право,267.3624765330103,0,Куб,Право,190.9881758146384,Нет
1,Куб,Назад,183.9125700971944,1,Сфера,Назад,30.266974239919854,Да
1,Куб,Лево,275.63447969105073,1,Пирамида,Назад,213.4208757942032,Нет
1,Куб,Право,329.49603550944227,0,Сфера,Право,225.0954223866615,Нет
1,Куб,Назад,204.96579109760484,0,Куб,Назад,152.00234003592846,Нет
0,Куб,Право,26.056664686333846,1,Сфера,Вперед,328.06997008650234,Да
0,Сфера,Лево,173.7123236794976,0,Пирамида,Лево,10.33163288843879,Нет
1,Сфера,Вперед,200.3947614224127,1,Пирамида,Лево,33.13172409619111,Нет
1,Куб,Право,229.83688778680113,1,Куб,Вперед,71.23902390158759,Нет
0,Сфера,Вперед,176.4136498530472,0,Куб,Право,196.1281487532729,Нет
1,Сфера,Лево,95.50375795250608,1,Куб,Лево,145.03094783541135,Нет
0,Куб,Назад,55.476289980880594,0,Пирамида,Назад,14.379561611644185,Да
1,Пирамида,Право,38.14060162778825,0,Куб,Назад,222.14992448189028,Нет
1,Пирамида,Право,70.65305545192189,0,Пирамида,Право,262.74952106839413,Нет
0,Сфера,Право,83.3866241934012,0,Сфера,Назад,60.606821158815144,Нет
1,Куб,Право,85.85503427083084,0,Пирамида,Лево,66.2445160588592,Нет
0,Сфера,Право,349.72009769484197,0,Куб,Вперед,262.30576454504126,Нет
1,Пирамида,Лево,323.5049209647816,0,Куб,Вперед,66.45735706175196,Нет
1,Пирамида,Лево,277.3112338388443,0,Куб,Право,127.6688799515685,Нет
0,Куб,Вперед,183.27123763074712,1,Сфера,Право,212.27036344655744,Нет
0,Сфера,Лево,7.7925346286113095,0,Пирамида,Назад,177.66265863662196,Да
0,Куб,Назад,23.8241946371472,0,Куб,Вперед,349.26116357237055,Да
1,Пирамида,Назад,208.02147745354986,1,Сфера,Назад,30.365378904250463,Да
0,Пирамида,Лево,211.82399002274528,1,Куб,Право,58.76759400568614,Нет
1,Куб,Вперед,333.379258667413,1,Сфера,Назад,331.9450600429156,Нет
1,Сфера,Лево,221.43421429841428,1,Сфера,Вперед,332.8201626770585,Да
0,Сфера,Вперед,89.85142630194221,0,Сфера,Вперед,247.43509815984913,Да
0,Куб,Назад,78.79013075095497,1,Пирамида,Лево,207.24875475134291,Нет
0,Сфера,Вперед,345.6035674987624,0,Сфера,Лево,194.7831893489018,Да
1,Пирамида,Назад,43.63016442237845,0,Сфера,Право,278.38499966525484,Да
1,Пирамида,Вперед,194.2823518947132,1,Куб,Лево,7.0877705946478775,Нет
1,Пирамида,Назад,337.4277578816898,1,Пирамида,Лево,342.28471719190827,Нет
0,Пирамида,Лево,92.40703973356031,1,Пирамида,Лево,131.07490461361792,Нет
0,Сфера,Лево,0.9399081276695398,1,Куб,Назад,190.0176893499623,Нет
0,Пирамида,Назад,99.57176662195307,0,Пирамида,Право,353.51983443835985,Нет
0,Пирамида,Право,30.901412950888844,0,Куб,Вперед,14.965409628549558,Да
1,Пирамида,Назад,78.3873651740137,0,Пирамида,Лево,51.89646062056083,Да
0,Куб,Право,356.264000007254,0,Куб,Назад,260.83163570717596,Нет
0,Сфера,Вперед,36.73201217033457,0,Куб,Лево,259.194287471378,Да
0,Пирамида,Назад,271.37892887710643,1,Пирамида,Лево,331.00369853770536,Нет
1,Куб,Назад,15.478801421344768,1,Сфера,Лево,54.3242692668603,Нет
1,Сфера,Право,266.69912497748845,0,Куб,Назад,19.64926540330528,Нет
0,Куб,Назад,285.26343801912094,1,Пирамида,Назад,37.360714222211485,Да
0,Куб,Вперед,37.57340484365451,0,Куб,Право,197.03450188674523,Нет
1,Пирамида,Назад,54.50790061848152,0,Пирамида,Вперед,189.51744068129557,Нет
0,Сфера,Вперед,334.79500346192503,1,Пирамида,Лево,65.65939638313024,Да
0,Пирамида,Назад,314.1768206477521,1,Куб,Назад,193.2904538359067,Нет
0,Пирамида,Вперед,292.2285061718468,1,Куб,Назад,173.11533176333214,Нет
0,Пирамида,Лево,83.80442155292123,1,Пирамида,Назад,161.82462692109846,Нет
1,Куб,Назад,103.41303818778667,1,Пирамида,Право,259.1335578434339,Нет
1,Сфера,Право,107.05450147774822,0,Пирамида,Право,162.03370112734459,Нет
0,Сфера,Право,246.87947636873474,0,Пирамида,Право,176.08832720050057,Нет
1,Сфера,Право,337.23807944233465,1,Куб,Назад,155.70513198995462,Да
0,Пирамида,Вперед,94.73350843771152,0,Сфера,Вперед,78.1881229830644,Да
0,Куб,Лево,295.014390642305,1,Куб,Назад,298.3594002766011,Нет
0,Сфера,Вперед,233.01938482215618,0,Пирамида,Лево,51.33676021948726,Да
1,Пирамида,Право,99.3492241413493,0,Сфера,Лево,356.5575778614971,Нет
0,Сфера,Лево,263.09246154499675,0,Куб,Лево,267.7943884861793,Нет
0,Куб,Вперед,95.32404495842165,1,Сфера,Лево,189.03930619034318,Нет
1,Куб,Вперед,5.169422192378907,0,Пирамида,Право,43.17758089290075,Да
0,Сфера,Право,2.5185636923260457,0,Пирамида,Право,187.85587529260027,Да
1,Пирамида,Лево,233.13861348136666,0,Сфера,Назад,203.17423583292518,Нет
1,Сфера,Лево,153.0772194509006,0,Пирамида,Лево,68.78536003274456,Да
1,Куб,Назад,319.1127251947261,0,Пирамида,Назад,23.743106152379518,Нет
0,Куб,Назад,50.78623031186255,0,Куб,Право,63.70936120638167,Да
1,Сфера,Назад,262.1627836044991,0,Куб,Назад,80.49679496063393,Да
1,Куб,Назад,75.00914210884316,0,Сфера,Назад,320.9987885930885,Нет
0,Пирамида,Право,241.07643886975134,0,Куб,Право,50.724083199581756,Да
0,Сфера,Право,335.75186859118855,0,Куб,Лево,128.64125740335194,Да
0,Сфера,Лево,221.57180803397588,0,Пирамида,Вперед,162.55519648553886,Да
1,Сфера,Вперед,176.28450362415117,1,Сфера,Лево,8.443341136110437,Нет
0,Куб,Назад,66.23031564009193,1,Пирамида,Лево,347.84717288460445,Да
0,Сфера,Назад,147.45535717226613,1,Сфера,Вперед,116.07719139512169,Да
1,Пирамида,Вперед,205.17299228689362,0,Сфера,Вперед,39.61361723398164,Нет
0,Сфера,Право,131.91375941778261,1,Пирамида,Право,144.8087646891195,Да
1,Куб,Вперед,245.57712479547098,1,Пирамида,Назад,8.786405004345985,Да
0,Пирамида,Назад,337.80541168800494,0,Сфера,Назад,307.0785960256916,Да
0,Сфера,Лево,176.71248265237367,0,Куб,Лево,113.87277436297174,Да
1,Сфера,Назад,152.58905669986314,1,Сфера,Назад,154.48863125258077,Нет
0,Сфера,Вперед,242.90601470150858,0,Куб,Назад,329.36114882219266,Нет
1,Пирамида,Назад,189.26984045239604,0,Сфера,Право,159.79579123735633,Да
1,Куб,Право,214.61609904319664,1,Куб,Вперед,216.06622493219854,Нет
0,Сфера,Вперед,316.01428440115853,1,Куб,Лево,46.429396785110214,Нет
0,Сфера,Лево,324.7361782703556,0,Сфера,Назад,147.88723281079533,Нет
0,Пирамида,Право,279.0184415449589,0,Пирамида,Вперед,5.428499363481234,Да
1,Пирамида,Вперед,254.92479617025532,1,Сфера,Вперед,246.83100587382185,Нет
0,Куб,Лево,284.3858775942054,1,Сфера,Назад,61.26435386434674,Нет
0,Сфера,Право,151.2014974431982,1,Куб,Вперед,106.83826585548199,Да
1,Сфера,Назад,292.25190552834357,1,Куб,Лево,33.47236661396197,Да
1,Пирамида,Вперед,314.5612857460128,0,Сфера,Право,39.343548041134184,Да
0,Сфера,Лево,262.66039296860777,0,Сфера,Назад,309.80200500599574,Нет
1,Сфера,Лево,259.0572315836526,0,Сфера,Назад,92.79510370941226,Да
1,Куб,Назад,72.13058580190042,0,Пирамида,Право,297.1887545115616,Нет
1,Пирамида,Право,319.2881180775676,1,Куб,Право,30.463595788936875,Нет
0,Сфера,Вперед,155.87248690362807,1,Сфера,Вперед,91.58327223879792,Да
1,Сфера,Лево,348.9766921400582,0,Сфера,Лево,330.03026808221387,Нет
0,Пирамида,Право,101.36503199413538,1,Сфера,Лево,30.879797364462753,Да
0,Куб,Право,171.32222756693773,1,Сфера,Лево,69.54886630395436,Да
1,Куб,Право,86.06798197757958,0,Куб,Назад,284.52497122085157,Нет
1,Пирамида,Право,240.95299314070925,0,Сфера,Вперед,307.9563786479321,Нет
0,Куб,Вперед,247.95188125897477,0,Сфера,Вперед,115.45353186614724,Да
1,Куб,Назад,120.13195793942725,0,Сфера,Право,72.73386813610459,Нет
1,Пирамида,Вперед,99.63979438705817,1,Сфера,Право,37.81142714833101,Нет
0,Сфера,Назад,119.89175588090329,0,Сфера,Лево,166.29159685774488,Да
1,Куб,Назад,173.57716820719546,1,Пирамида,Назад,137.67093154299062,Да
0,Куб,Назад,358.0247117794975,1,Пирамида,Назад,71.07227063762186,Да
1,Сфера,Назад,85.8139869246743,1,Куб,Вперед,59.01602879006167,Да
1,Куб,Вперед,56.55656055764155,0,Сфера,Назад,237.9796603113491,Нет
0,Сфера,Назад,324.2584787634678,1,Пирамида,Вперед,340.49119814895744,Нет
0,Сфера,Право,215.6882858695987,1,Куб,Лево,155.11557877405056,Нет
1,Куб,Назад,153.15419874637024,0,Сфера,Вперед,169.24524285758667,Нет
0,Сфера,Лево,204.95583848448283,1,Пирамида,Право,3.290202188605029,Нет
1,Куб,Назад,27.314267775674836,0,Куб,Право,36.01217659720365,Нет
1,Сфера,Вперед,10.228742795681583,1,Сфера,Право,131.98006621025687,Нет
0,Куб,Вперед,35.7264999519454,1,Пирамида,Назад,163.68548150299,Нет
1,Куб,Назад,93.11958988406305,1,Сфера,Право,308.1486251425885,Да
1,Сфера,Лево,306.1637075457183,0,Пирамида,Вперед,92.69640364801681,Да
1,Пирамида,Вперед,257.1454942342721,0,Сфера,Вперед,22.964107078557863,Да
1,Куб,Лево,304.38314979778744,0,Сфера,Назад,281.31159987069987,Нет
1,Сфера,Право,253.1151987444823,0,Сфера,Вперед,151.1301562307927,Нет
0,Сфера,Лево,60.63599756580827,0,Пирамида,Вперед,301.53132691363004,Нет
0,Куб,Право,174.01591906699355,1,Пирамида,Лево,221.96982963115863,Да
0,Куб,Лево,35.847233328742035,0,Пирамида,Вперед,92.92670331500942,Да
0,Сфера,Назад,266.95485858560477,0,Пирамида,Право,324.8386356234301,Нет
0,Сфера,Лево,151.89994846515344,1,Куб,Право,328.47667753089996,Нет
1,Сфера,Назад,240.67995304707125,0,Пирамида,Лево,77.58804302405633,Да
1,Сфера,Вперед,222.73808872774308,1,Пирамида,Право,318.81475207831414,Да
0,Куб,Вперед,276.75966350201645,0,Сфера,Лево,100.42841623321358,Да
0,Пирамида,Назад,148.4156463832102,0,Сфера,Лево,56.9426737663851,Да
0,Сфера,Назад,24.834039118557534,1,Куб,Лево,189.48687711437867,Да
1,Пирамида,Назад,162.65377129460512,1,Куб,Лево,20.699383974136758,Нет
0,Сфера,Вперед,147.58388684499275,1,Сфера,Право,6.476596001239421,Да
0,Сфера,Назад,343.1143044102704,1,Пирамида,Назад,50.17550696904128,Да
1,Куб,Право,164.64344832342297,0,Пирамида,Назад,341.27570562443674,Да
0,Пирамида,Лево,132.09384766998994,0,Сфера,Вперед,165.65726450270841,Нет
0,Пирамида,Вперед,153.23183072787646,0,Куб,Вперед,316.4401682752237,Да
1,Куб,Вперед,28.97702384113693,1,Пирамида,Право,297.04008226445916,Да
0,Пирамида,Право,180.91674337990625,0,Сфера,Лево,160.35860016732005,Да
0,Сфера,Право,170.9603154740174,1,Куб,Вперед,38.430379345063606,Нет
1,Пирамида,Право,103.24560308545638,0,Пирамида,Лево,355.20474829710656,Нет
1,Куб,Лево,261.6411035711662,1,Сфера,Право,299.17016420391127,Да
0,Куб,Назад,149.9277199212291,1,Куб,Право,53.85544089191236,Да
1,Сфера,Назад,238.84108050371935,0,Сфера,Лево,12.288484743233198,Да
1,Пирамида,Лево,233.76582205398998,0,Пирамида,Вперед,204.53436962311636,Да
1,Пирамида,Вперед,355.9192575255389,1,Сфера,Право,85.18775526010502,Да
0,Сфера,Право,11.95063166410469,1,Сфера,Лево,358.0932934546326,Нет
1,Куб,Назад,313.85380735245315,1,Пирамида,Вперед,270.11420747415394,Да
1,Сфера,Лево,96.38687000579907,1,Пирамида,Вперед,148.30785290164027,Да
1,Сфера,Право,52.10544850058793,0,Куб,Право,319.2342589438912,Нет
1,Пирамида,Право,219.12656799025527,1,Сфера,Вперед,5.746098574183689,Нет
1,Куб,Назад,143.26228472987484,1,Куб,Вперед,216.23465960033155,Нет
0,Сфера,Назад,122.28831780066899,1,Куб,Лево,74.45438936280311,Нет
1,Пирамида,Лево,303.075518468447,0,Сфера,Лево,188.62904971979805,Да
0,Куб,Лево,82.72535957304947,0,Пирамида,Вперед,43.74210889470988,Да
0,Сфера,Лево,161.32144108642748,1,Куб,Лево,337.717358601419,Да
0,Пирамида,Вперед,290.4412284563806,0,Сфера,Лево,317.5874546725384,Да
0,Сфера,Назад,327.3124979376901,1,Куб,Назад,172.6698011245639,Да
1,Пирамида,Вперед,57.75579723403054,0,Пирамида,Вперед,167.65432400384398,Да
0,Сфера,Назад,146.5621889569827,0,Сфера,Назад,169.78294870417918,Нет
0,Пирамида,Лево,243.08098418693092,0,Пирамида,Вперед,150.92891083245206,Нет
0,Пирамида,Лево,115.13509276994532,0,Пирамида,Вперед,229.7386147984993,Нет
0,Сфера,Лево,172.61863351191778,0,Пирамида,Вперед,182.85495931168492,Нет
0,Сфера,Лево,194.49660004494837,1,Сфера,Назад,231.71237848188034,Да
1,Пирамида,Лево,253.51881840073833,1,Сфера,Лево,95.03562483517254,Нет
0,Пирамида,Право,152.99328209071444,1,Сфера,Вперед,318.30977384016063,Да
0,Пирамида,Лево,136.36205104019635,1,Сфера,Назад,46.611808797802176,Нет
1,Сфера,Вперед,163.89812491116737,0,Пирамида,Вперед,246.68546173837942,Да
1,Пирамида,Лево,45.67464386389566,0,Сфера,Право,75.40480372382599,Да
0,Куб,Вперед,62.29099712610197,1,Куб,Право,173.5379463553141,Нет
0,Пирамида,Право,244.7892336312916,1,Сфера,Вперед,20.228113147593596,Да
0,Пирамида,Лево,13.295451680513,0,Пирамида,Право,113.7922189487205,Нет
1,Пирамида,Вперед,344.6965538016429,1,Куб,Вперед,310.98710873251207,Нет
0,Сфера,Лево,155.06678068136569,1,Сфера,Назад,49.15739860865406,Нет
1,Куб,Лево,312.32811180595587,1,Сфера,Вперед,142.477743158045,Да
0,Пирамида,Лево,57.222770483476715,1,Пирамида,Лево,128.80939304037227,Да
1,Пирамида,Лево,13.081278967887755,1,Куб,Право,294.5725630232367,Нет
0,Куб,Лево,305.46544379508055,1,Пирамида,Назад,271.479420731136,Нет
0,Сфера,Лево,107.03616212825308,1,Пирамида,Вперед,125.87161693691358,Да
1,Куб,Право,215.55961830759452,0,Сфера,Лево,20.122380543265027,Нет
0,Пирамида,Назад,5.748955744255304,0,Пирамида,Вперед,198.35612413937656,Нет
1,Пирамида,Лево,265.06419114597657,1,Пирамида,Назад,320.74726144473243,Нет
0,Сфера,Вперед,185.7429660486439,0,Пирамида,Лево,294.9309428540361,Нет
1,Пирамида,Назад,21.123093552544205,1,Сфера,Лево,261.508970994186,Да
1,Сфера,Вперед,334.5945138827829,0,Куб,Вперед,47.00827261015266,Да
1,Сфера,Лево,252.28459815080808,1,Сфера,Лево,181.22006920092574,Нет
1,Куб,Вперед,133.32052924519917,1,Сфера,Вперед,40.092372972488995,Нет
0,Пирамида,Лево,225.17638222018041,1,Куб,Назад,123.33025957271289,Нет
0,Пирамида,Лево,177.72791062764963,0,Пирамида,Лево,303.06057425877054,Да
1,Куб,Право,317.4538853960657,1,Пирамида,Лево,274.1681705869579,Нет
1,Сфера,Назад,112.90678288245408,1,Пирамида,Назад,9.067130194919013,Нет
1,Куб,Назад,266.0217998825061,1,Сфера,Назад,200.7502452400904,Нет
0,Пирамида,Лево,326.8350298722633,1,Куб,Лево,337.05987542327136,Да
0,Сфера,Лево,221.43663117886592,1,Пирамида,Право,119.11115606308141,Да
1,Куб,Лево,308.99905987263736,1,Пирамида,Назад,130.59550995763752,Нет
0,Сфера,Право,345.3740115446859,0,Сфера,Вперед,350.0890670516946,Да
0,Пирамида,Назад,14.966516744310985,1,Пирамида,Право,166.9555803889827,Да
0,Куб,Вперед,242.20743156319327,1,Куб,Вперед,306.2832333251411,Нет
0,Куб,Назад,109.45835076241896,0,Сфера,Вперед,235.9933676425691,Нет
0,Куб,Назад,277.0786858295667,1,Сфера,Назад,193.52159173917127,Да
1,Сфера,Назад,343.8326583400486,0,Куб,Лево,29.482211703126726,Да
1,Куб,Право,99.32920914503941,1,Пирамида,Назад,32.76941521984271,Да
0,Пирамида,Лево,282.6482438619458,1,Сфера,Лево,193.92145429809977,Нет
1,Сфера,Назад,119.93988924389765,1,Куб,Лево,328.0560952654679,Нет
0,Пирамида,Лево,212.37398857360242,1,Куб,Назад,35.567696414943626,Нет
0,Сфера,Право,297.5929109556482,1,Сфера,Лево,65.3728079998582,Да
0,Сфера,Вперед,195.30199710820673,1,Сфера,Лево,214.2000991728699,Да
0,Куб,Лево,283.29003763857065,1,Куб,Назад,324.90467496298095,Да
1,Сфера,Право,186.86906837338458,1,Пирамида,Лево,302.6505219071454,Нет
0,Пирамида,Назад,220.162890267643,1,Сфера,Лево,344.6770468515296,Нет
0,Пирамида,Право,341.08281665733267,1,Сфера,Вперед,287.92360145123615,Нет
0,Сфера,Право,64.36633022888265,1,Сфера,Вперед,58.779409016992254,Да
0,Сфера,Лево,259.50654369599505,1,Сфера,Право,129.35903825030883,Нет
0,Пирамида,Вперед,3.9416904764207983,1,Пирамида,Назад,230.71594046120205,Да
0,Куб,Вперед,316.2185006972347,1,Куб,Назад,252.13760369000454,Нет
0,Куб,Лево,206.3435308404578,0,Пирамида,Вперед,75.52841902024933,Нет
1,Пирамида,Назад,72.68109140967428,0,Сфера,Право,297.6146922421917,Нет
1,Куб,Вперед,320.34966535366436,0,Куб,Лево,142.0515416690407,Нет
1,Сфера,Назад,339.79932445887073,1,Пирамида,Право,154.02669419115563,Да
1,Сфера,Лево,191.8747078606523,0,Куб,Вперед,187.26739572954298,Да
1,Сфера,Вперед,270.1154629467374,1,Пирамида,Право,102.47771111958794,Да
1,Куб,Право,36.57284383769722,1,Сфера,Лево,313.36053510695046,Да
0,Пирамида,Вперед,0.1919977534593853,1,Сфера,Право,333.93863927477355,Нет
0,Пирамида,Вперед,279.63552909302194,1,Сфера,Вперед,22.383973563655367,Да
1,Сфера,Вперед,330.6514169312607,0,Сфера,Назад,81.7051258838299,Да
0,Пирамида,Назад,116.34509138524326,0,Пирамида,Право,207.95058369971758,Да
1,Сфера,Вперед,67.1164152098579,1,Пирамида,Лево,336.5972630157993,Нет
1,Куб,Назад,72.3601968717387,1,Куб,Лево,49.26539249663699,Нет
1,Сфера,Вперед,297.310165096224,1,Пирамида,Назад,288.82438526132967,Нет
1,Куб,Вперед,184.61355620159497,0,Сфера,Право,262.37922492398917,Нет
0,Пирамида,Право,242.57383895672254,0,Куб,Вперед,224.58299937197788,Нет
0,Куб,Лево,92.79235278761827,0,Куб,Право,302.9437289600232,Да
1,Сфера,Вперед,64.0458081112559,0,Сфера,Вперед,10.045544083347316,Да
0,Сфера,Вперед,153.13575661334437,1,Куб,Вперед,334.87220922042025,Да
1,Сфера,Право,357.3932670851332,0,Куб,Назад,23.069301056390348,Да
0,Сфера,Право,87.60639724740447,1,Куб,Вперед,282.80224474897676,Нет
0,Пирамида,Вперед,201.4406955117622,0,Куб,Вперед,213.05955469319278,Нет
0,Пирамида,Вперед,134.17238184968156,0,Пирамида,Назад,202.24073274620514,Нет
1,Пирамида,Право,90.22052814273475,0,Куб,Лево,5.746194298480458,Да
0,Пирамида,Право,344.25907710040764,0,Куб,Назад,108.95009623444466,Нет
1,Куб,Право,200.49150809976462,0,Пирамида,Право,200.28704437568126,Нет
1,Куб,Лево,105.49392212900305,0,Куб,Право,257.89791555593774,Да
0,Куб,Назад,258.06780629409303,1,Куб,Назад,173.33006487932897,Нет
1,Сфера,Назад,195.8988924508392,0,Сфера,Лево,295.6891717603387,Да
1,Сфера,Назад,246.25634525236114,0,Сфера,Лево,231.27286511007017,Да
1,Куб,Назад,202.82398760146725,1,Пирамида,Право,292.1144583047639,Да
1,Куб,Вперед,147.85437985693247,1,Пирамида,Назад,236.0941536824864,Нет
1,Пирамида,Лево,282.8128006144697,1,Пирамида,Назад,358.04559674734145,Нет
1,Куб,Назад,46.67368225246701,0,Пирамида,Назад,24.956564681034955,Нет
1,Сфера,Вперед,212.38410174897484,1,Куб,Право,113.9083741560441,Да
0,Куб,Лево,249.04161934261796,0,Сфера,Назад,158.2991942221893,Нет
1,Сфера,Право,29.949990786820866,1,Куб,Право,144.35044887439886,Да
0,Сфера,Право,103.2165799457534,0,Куб,Вперед,275.5660758166886,Нет
1,Сфера,Право,203.07031501810147,0,Сфера,Вперед,339.13984994621666,Нет
1,Куб,Право,27.487043832442573,1,Куб,Право,339.8810853945192,Да
1,Сфера,Назад,171.44035179158442,1,Пирамида,Право,248.9022843154912,Нет
0,Куб,Право,283.27757987950815,0,Сфера,Лево,242.48619466256483,Да
0,Куб,Право,337.1177508873864,0,Куб,Назад,208.21018793042725,Нет
0,Сфера,Право,322.8319661033483,0,Сфера,Право,253.16679884141314,Нет
1,Пирамида,Вперед,210.1855966961062,1,Пирамида,Назад,261.59744454093743,Нет
0,Куб,Право,284.18016082449986,0,Сфера,Назад,208.40991268638814,Да
1,Куб,Право,39.57583619591058,1,Пирамида,Вперед,354.83787935895947,Да
0,Сфера,Лево,25.415610458269924,0,Пирамида,Лево,125.64285595470132,Нет
1,Пирамида,Назад,233.53726471575771,0,Куб,Вперед,111.73531862836376,Да
0,Пирамида,Назад,91.50427373484102,0,Сфера,Назад,194.16068252343376,Нет
1,Пирамида,Лево,197.1086961641884,1,Сфера,Назад,155.29645830226661,Нет
1,Сфера,Право,236.57271965345913,1,Сфера,Вперед,263.75563118614673,Нет
1,Куб,Лево,87.41348782547956,1,Куб,Право,164.52215374123557,Да
0,Пирамида,Вперед,125.336400519713,1,Пирамида,Лево,17.60914375731115,Нет
0,Пирамида,Назад,284.6836279971775,0,Пирамида,Лево,206.0518401344596,Нет
0,Сфера,Вперед,312.8176303582838,0,Пирамида,Вперед,294.7201002505067,Нет
1,Сфера,Право,338.5487693938569,1,Куб,Вперед,304.68730634366017,Нет
0,Пирамида,Лево,216.42033633787142,1,Куб,Назад,77.60529670215702,Нет
1,Куб,Право,334.2953355348045,1,Куб,Право,79.86303854028303,Да
0,Пирамида,Лево,15.629736924910404,0,Сфера,Лево,186.12586991798156,Да
0,Пирамида,Право,217.3971281906574,1,Сфера,Вперед,199.9380127910167,Да
1,Пирамида,Назад,48.76628112390025,0,Пирамида,Назад,271.61098381909676,Нет
0,Сфера,Назад,10.116615414622586,0,Сфера,Право,97.04537848786735,Да
1,Пирамида,Право,98.16081927712983,0,Куб,Назад,75.88476513738362,Да
1,Пирамида,Вперед,318.7688383017673,0,Сфера,Право,32.67633836477587,Нет
0,Куб,Право,18.91554429360836,1,Сфера,Назад,184.68500187925886,Да
0,Пирамида,Вперед,188.8470512696365,0,Куб,Лево,204.63029998522143,Нет
1,Куб,Вперед,119.58326261154775,1,Пирамида,Назад,225.60987196230053,Нет
0,Куб,Лево,356.3823891582093,1,Сфера,Вперед,279.09177559570196,Нет
0,Сфера,Назад,240.83692333137827,1,Сфера,Вперед,200.32217954738948,Нет
0,Сфера,Вперед,38.832584782778284,0,Пирамида,Право,302.64666159563683,Нет
0,Куб,Лево,6.830437067412842,0,Куб,Лево,155.42577355926343,Да
0,Пирамида,Вперед,72.54742336979743,1,Пирамида,Лево,141.95840451495263,Да
1,Куб,Право,215.7053609444083,1,Пирамида,Лево,323.2584726353384,Да
1,Куб,Назад,62.15816055473668,0,Пирамида,Лево,83.68135944369546,Да
1,Куб,Лево,309.83252951976533,1,Сфера,Право,186.23378804591542,Нет
1,Сфера,Лево,303.6857944482624,0,Куб,Назад,134.79694117046986,Да
1,Сфера,Лево,309.52289762607916,0,Сфера,Назад,276.46178301450016,Да
0,Сфера,Вперед,67.34402227128776,0,Куб,Вперед,147.80105938432226,Да
1,Куб,Назад,324.3344547703223,1,Куб,Право,163.83410516777434,Да
0,Сфера,Назад,194.654798458948,0,Куб,Назад,333.9225927298307,Нет
0,Пирамида,Назад,72.45577408072481,1,Пирамида,Вперед,137.95604544916992,Нет
1,Пирамида,Вперед,319.20105111342804,1,Куб,Право,218.57519736003883,Нет
0,Пирамида,Лево,163.36395296648004,1,Куб,Вперед,30.868058740618196,Нет
1,Сфера,Лево,209.27191682649595,1,Сфера,Назад,191.9291302423142,Нет
1,Пирамида,Лево,354.0841803780765,1,Сфера,Лево,276.79284187179746,Да
1,Сфера,Лево,290.6609736214693,1,Куб,Лево,251.02406997470422,Да
1,Пирамида,Право,52.3654069184814,1,Куб,Назад,3.4385071436543724,Нет
0,Пирамида,Назад,255.446841340428,1,Куб,Право,205.93473713754412,Да
0,Сфера,Вперед,132.76580744855085,0,Куб,Право,335.106379356125,Нет
1,Пирамида,Назад,297.24732989101796,1,Куб,Право,205.52076403260384,Да
1,Сфера,Назад,55.27078778319178,1,Пирамида,Лево,81.41986331558456,Нет
0,Сфера,Право,139.42621345968846,0,Сфера,Назад,4.053669631148504,Да
0,Сфера,Вперед,350.92473034298325,0,Сфера,Назад,59.20293294521344,Нет
1,Куб,Право,288.31643977915525,1,Сфера,Лево,124.44407677844048,Нет
0,Пирамида,Лево,291.1971695669656,1,Пирамида,Вперед,292.9860225927204,Нет
1,Куб,Вперед,144.00175394409214,1,Куб,Право,91.52761333390912,Нет
0,Куб,Назад,65.64631975971008,0,Пирамида,Лево,179.3570537229549,Да
1,Пирамида,Право,45.579966633653676,1,Куб,Право,163.06196871306122,Да
1,Сфера,Право,90.83077978024174,0,Пирамида,Право,118.13039120205747,Нет
1,Куб,Лево,235.3455424397064,1,Сфера,Право,297.4659994589517,Да
0,Пирамида,Назад,163.61731413102942,0,Пирамида,Назад,337.94245412362807,Да
1,Куб,Вперед,122.14176385854091,0,Куб,Назад,240.4820634009703,Да
1,Сфера,Назад,36.38862419067328,0,Куб,Лево,285.7790393898818,Да
0,Куб,Вперед,278.65588115242343,0,Куб,Назад,272.85843286280067,Нет
0,Пирамида,Право,99.73091445203448,0,Куб,Вперед,136.30600367874132,Нет
1,Пирамида,Право,96.12473674238345,0,Куб,Лево,283.997274566136,Нет
1,Сфера,Право,339.1619871021775,0,Куб,Лево,124.69454225335949,Нет
0,Куб,Вперед,264.3822549571699,0,Куб,Право,202.96527236836178,Да
0,Пирамида,Право,272.5710235916255,0,Куб,Назад,248.83305169207856,Да
0,Сфера,Лево,313.07129076802136,0,Куб,Вперед,116.35888232347594,Нет
1,Пирамида,Вперед,125.771689208142,1,Пирамида,Назад,149.71137585215038,Да
1,Пирамида,Вперед,254.03729611955617,0,Куб,Вперед,101.79955482387149,Да
1,Пирамида,Вперед,233.99194442477233,1,Сфера,Назад,47.37666150879744,Да
0,Сфера,Вперед,32.77436940262373,1,Куб,Назад,54.46680995995517,Да
0,Куб,Вперед,51.85362616375106,0,Сфера,Лево,300.4473592154828,Нет
0,Сфера,Право,129.99205990079034,0,Сфера,Назад,130.383304898277,Нет
1,Сфера,Назад,281.0219906570792,1,Сфера,Право,52.65435093895908,Да
0,Сфера,Вперед,347.090776135825,1,Пирамида,Лево,27.56379807142842,Да
0,Пирамида,Лево,221.2637291874174,1,Пирамида,Вперед,122.06389950587517,Да
1,Пирамида,Право,60.840394006427736,0,Сфера,Лево,236.58196058952518,Да
1,Сфера,Назад,192.7754137197136,1,Пирамида,Право,150.69249697619125,Нет
0,Сфера,Вперед,40.555323444357754,0,Пирамида,Вперед,240.12704628125354,Да
0,Сфера,Назад,353.5499697363003,0,Пирамида,Назад,286.08278294000445,Да
1,Куб,Лево,308.5556081909688,1,Пирамида,Лево,99.03266022799941,Да
1,Куб,Вперед,69.1220486060003,1,Куб,Назад,108.88166543483375,Нет
1,Сфера,Лево,34.415055707884264,0,Сфера,Лево,115.95231265047178,Нет
0,Куб,Назад,112.50779865255878,0,Пирамида,Право,339.3232461564187,Да
0,Пирамида,Лево,238.61047934901626,0,Пирамида,Лево,253.81618741314486,Да
0,Куб,Назад,164.0787626681322,1,Пирамида,Вперед,24.00593348926032,Да
1,Пирамида,Назад,171.95212725217718,0,Пирамида,Лево,244.32423473189206,Нет
0,Сфера,Лево,346.38224969386073,1,Куб,Лево,120.5564241012333,Нет
0,Куб,Право,331.08515592789746,0,Пирамида,Лево,261.68707301988485,Нет
1,Куб,Право,304.9207700821512,0,Куб,Вперед,112.64459191010091,Нет
0,Куб,Лево,156.43829127646958,0,Пирамида,Лево,330.62511926941244,Нет
1,Куб,Назад,282.03023830752323,0,Пирамида,Право,103.50133468787566,Нет
0,Пирамида,Лево,134.5866418857789,0,Сфера,Право,217.06313891921937,Да
1,Пирамида,Право,227.5655815240014,0,Сфера,Вперед,165.81540073537727,Да
0,Сфера,Лево,66.76087451339221,1,Куб,Назад,102.4287751266242,Да
1,Куб,Назад,9.485379599244625,1,Пирамида,Право,257.4319676312104,Нет
0,Пирамида,Назад,225.60586005330885,1,Пирамида,Право,154.285872195887,Нет
1,Пирамида,Право,334.70438948676065,1,Пирамида,Назад,10.696000814038804,Да
1,Пирамида,Лево,11.656912917750297,0,Куб,Право,81.07526941650983,Да
0,Сфера,Лево,82.70514121194711,0,Пирамида,Вперед,274.5514455957831,Да
1,Пирамида,Право,182.7788938686353,1,Куб,Право,163.16087606424892,Да
0,Сфера,Право,319.8827448601685,0,Сфера,Право,16.451615735482502,Нет
0,Пирамида,Назад,69.15992489106617,1,Сфера,Право,246.04133852882444,Да
0,Куб,Право,105.13113852448777,0,Сфера,Право,172.59169247733485,Да
0,Пирамида,Лево,171.84606132440067,1,Пирамида,Вперед,344.0161359535916,Да
0,Куб,Вперед,47.167744493054094,1,Сфера,Вперед,276.21652322639886,Нет
0,Пирамида,Вперед,284.0535743781824,1,Пирамида,Вперед,4.461616705403912,Да
0,Сфера,Назад,64.80783301635547,1,Куб,Лево,63.06778213566733,Да
1,Сфера,Лево,226.82818298330574,1,Куб,Вперед,239.9655425641317,Да
1,Сфера,Вперед,22.0576656908961,0,Пирамида,Назад,120.64033309086282,Да
1,Сфера,Лево,338.9865956798814,1,Куб,Назад,289.22371669991503,Да
0,Куб,Вперед,160.68575325326458,0,Куб,Лево,285.18114082992776,Нет
0,Куб,Лево,319.07382241605933,0,Куб,Вперед,243.11741080214176,Нет
0,Сфера,Вперед,240.1049090549431,1,Сфера,Право,284.60893179395094,Да
1,Сфера,Лево,63.68572527900172,1,Куб,Назад,190.68432300473626,Нет
0,Куб,Вперед,78.6986992287769,1,Куб,Лево,192.65712640971793,Да
1,Сфера,Право,172.29217161090023,1,Пирамида,Лево,98.69039726172817,Да
1,Сфера,Вперед,94.74611696227734,1,Пирамида,Лево,206.39263945994293,Да
0,Пирамида,Право,101.91874092098627,1,Куб,Вперед,4.260808661311364,Да
0,Пирамида,Назад,335.35138776823635,0,Сфера,Вперед,344.6939193077749,Нет
1,Сфера,Право,88.18373436200721,1,Пирамида,Лево,152.05566780654416,Нет
0,Пирамида,Право,135.26025289296143,0,Пирамида,Назад,103.2745933340299,Нет
1,Куб,Назад,291.747234446588,1,Куб,Назад,127.92969140799438,Да
1,Пирамида,Вперед,21.53361099553315,0,Сфера,Право,105.81040227191268,Нет
1,Пирамида,Вперед,225.11662890840955,0,Сфера,Лево,114.22579981762168,Да
1,Сфера,Назад,196.8217728606415,1,Пирамида,Назад,130.7165734245514,Да
1,Сфера,Лево,287.5333172840058,1,Пирамида,Вперед,211.43624717414934,Да
0,Сфера,Вперед,166.10168141568764,1,Пирамида,Лево,120.22502656954582,Нет
0,Сфера,Назад,114.00678739802426,1,Сфера,Лево,134.54398937637396,Нет
0,Сфера,Вперед,331.90809602916903,0,Куб,Лево,152.87756883220067,Нет
0,Куб,Право,59.38012024231415,1,Пирамида,Право,35.5377581926013,Нет
0,Куб,Лево,323.1352609060502,0,Пирамида,Право,196.26414144207192,Нет
1,Куб,Назад,84.34918932913652,0,Куб,Вперед,121.12187165778879,Да
1,Сфера,Лево,128.70233945038035,0,Пирамида,Право,312.2020708066794,Нет
0,Пирамида,Право,326.13026750816135,0,Пирамида,Право,331.99171080451856,Нет
1,Пирамида,Назад,338.4087412928543,0,Сфера,Назад,25.342380787832738,Нет
0,Сфера,Право,332.18718627201434,1,Сфера,Лево,109.74646453427371,Да
1,Куб,Лево,26.263799641230744,0,Пирамида,Лево,208.90685715679615,Да
0,Сфера,Право,67.3919413626759,0,Пирамида,Лево,355.95787030270014,Да
1,Сфера,Назад,50.375971488860756,0,Пирамида,Вперед,271.55640885830013,Да
0,Пирамида,Лево,6.13333272506519,0,Куб,Вперед,166.57063858004568,Нет
1,Куб,Право,216.4552148400643,1,Куб,Право,281.3899553243336,Да
0,Сфера,Право,325.1378144614914,1,Куб,Лево,10.668268478851775,Да
0,Пирамида,Назад,170.55707879237647,1,Куб,Назад,347.25174821011456,Нет
1,Сфера,Вперед,241.01157091167684,0,Сфера,Назад,324.0890698052036,Да
1,Куб,Право,39.91346039119945,0,Пирамида,Вперед,147.50619656765952,Нет
0,Сфера,Назад,18.880463795896155,1,Сфера,Право,158.40605064970097,Нет
0,Сфера,Лево,176.10883960657398,1,Куб,Лево,46.20854649427619,Да
0,Куб,Лево,180.28387432659684,0,Куб,Лево,313.2360911257485,Да
1,Куб,Вперед,295.7612262120338,1,Куб,Право,130.29161341069488,Да
1,Сфера,Назад,168.6322432835344,1,Пирамида,Вперед,228.03563823735078,Да
0,Куб,Право,102.34996825951913,1,Куб,Лево,194.51037824137012,Нет
1,Пирамида,Назад,334.7032680782151,0,Сфера,Лево,265.6369470159744,Нет
1,Куб,Вперед,219.00414937783688,1,Сфера,Назад,147.33378846325132,Нет
1,Сфера,Вперед,20.21738904341024,0,Пирамида,Вперед,32.94558551776883,Да
1,Куб,Назад,258.63691045493715,1,Куб,Лево,30.443060514465635,Да
1,Пирамида,Лево,49.35792931986011,0,Куб,Вперед,167.66651358084488,Нет
0,Сфера,Назад,77.17538357684691,1,Сфера,Назад,183.11528436387616,Нет
0,Пирамида,Лево,31.912976173446705,0,Сфера,Вперед,11.17001266735372,Нет
1,Куб,Вперед,351.3272639186229,1,Куб,Вперед,42.07658075623749,Нет
0,Сфера,Лево,143.45573059114867,1,Пирамида,Вперед,217.49014307403593,Да
0,Пирамида,Право,257.40224316067935,1,Пирамида,Лево,268.94609345091897,Нет
1,Пирамида,Вперед,325.86351518683665,1,Сфера,Лево,97.17465756669861,Нет
0,Сфера,Вперед,218.04419605325398,0,Пирамида,Вперед,82.64472308659161,Нет
0,Куб,Вперед,261.07998651212995,0,Сфера,Право,266.84738276217433,Нет
1,Пирамида,Вперед,132.2120576502874,1,Пирамида,Вперед,171.29796512345058,Нет
1,Пирамида,Назад,6.251335478207758,1,Куб,Право,175.04022216396703,Нет
1,Куб,Назад,230.96293911800925,1,Сфера,Право,3.172537011579122,Да
1,Пирамида,Лево,105.89051058615354,1,Сфера,Право,61.0342554296496,Нет
0,Сфера,Право,121.68152968029042,0,Сфера,Вперед,26.633648766518967,Нет
1,Сфера,Вперед,0.20337432470532324,1,Сфера,Право,180.94635296422373,Да
1,Куб,Право,35.923913293544956,1,Куб,Лево,181.9174366442284,Нет
1,Пирамида,Право,183.98941855598875,0,Сфера,Право,230.88327193653703,Нет
1,Пирамида,Назад,313.7476587028568,0,Сфера,Вперед,122.22888425180297,Нет
0,Куб,Вперед,325.4687850559789,0,Пирамида,Лево,61.570074243164015,Да
0,Куб,Вперед,225.75360786862788,1,Сфера,Вперед,140.66802930798167,Да
0,Куб,Право,128.9478571198529,0,Сфера,Вперед,101.86441149803647,Нет
0,Пирамида,Вперед,122.23460896649956,1,Пирамида,Лево,26.96069300607369,Нет
0,Куб,Право,70.81201339402028,1,Сфера,Право,119.78691433021979,Нет
0,Пирамида,Лево,186.69195338218935,1,Сфера,Вперед,2.600584182034713,Нет
0,Пирамида,Лево,319.6646997756963,0,Сфера,Лево,302.5123051315938,Да
0,Пирамида,Право,17.610397704796913,0,Куб,Лево,326.65825868452976,Да
0,Пирамида,Лево,39.66095590438835,1,Куб,Лево,143.1459444233533,Нет
1,Куб,Право,29.433482612707415,0,Пирамида,Право,207.7717799757762,Нет
0,Пирамида,Право,330.956369526343,1,Сфера,Право,279.37515998683364,Нет
0,Сфера,Вперед,78.9394732594201,1,Пирамида,Назад,115.32189092930119,Нет
0,Куб,Назад,64.74007290275138,0,Сфера,Лево,141.0855151394508,Да
0,Сфера,Назад,222.14998239115326,1,Сфера,Вперед,93.6741261947883,Да
1,Пирамида,Право,263.1170347280875,1,Куб,Лево,302.11907788395945,Да
1,Куб,Право,91.34659923975971,0,Сфера,Право,42.00920614971357,Нет
1,Пирамида,Право,357.1823656241448,0,Куб,Вперед,234.1220240326847,Да
1,Куб,Вперед,33.532861681711076,0,Пирамида,Вперед,8.99862207899487,Нет
1,Пирамида,Лево,33.29301736815236,1,Пирамида,Лево,35.95256455982137,Нет
0,Пирамида,Вперед,354.305704124555,1,Сфера,Вперед,85.18262393661307,Нет
0,Сфера,Право,71.1287236814053,0,Сфера,Назад,265.33435489101925,Да
0,Куб,Право,109.90321536690469,0,Сфера,Назад,23.70580075915249,Да
1,Куб,Лево,104.21793511373114,1,Куб,Лево,301.9418778717131,Да
1,Куб,Право,167.02047062666395,0,Сфера,Лево,157.27496504573153,Да
0,Куб,Назад,153.17964455703205,1,Куб,Лево,217.6984420379487,Нет
0,Куб,Право,260.738523494812,0,Куб,Право,218.80840185821012,Да
0,Пирамида,Право,313.5971424513757,1,Куб,Лево,80.17663793787207,Да
1,Куб,Право,131.58631447511723,1,Пирамида,Вперед,278.1753610867638,Нет
0,Куб,Лево,241.01730713664037,0,Куб,Назад,93.04763671615521,Нет
1,Пирамида,Право,313.6749741625714,1,Сфера,Вперед,141.2130990290468,Да
1,Куб,Вперед,85.7954277296375,1,Сфера,Право,219.7946070940132,Нет
1,Сфера,Лево,249.76081314906023,1,Пирамида,Вперед,4.139800799016515,Да
0,Пирамида,Вперед,188.37145764126208,1,Пирамида,Право,335.96422984454233,Нет
0,Пирамида,Право,326.2239966140183,1,Пирамида,Назад,299.8123171920193,Да
1,Пирамида,Право,347.4497650799872,1,Пирамида,Назад,179.17847426953608,Нет
0,Сфера,Назад,292.16806400360485,1,Пирамида,Вперед,53.118009755942836,Да
1,Пирамида,Назад,354.4904833745548,1,Сфера,Право,239.91501733436652,Нет
0,Пирамида,Назад,17.750448183813717,1,Сфера,Назад,230.99438801627116,Нет
1,Куб,Вперед,54.209028748251754,1,Пирамида,Лево,68.67503233381561,Нет
1,Куб,Назад,231.5293858940603,1,Куб,Вперед,270.0585736755899,Да
